iteration,objective,objective_change,accepted_step,gradient_norm,projected_gradient_norm,directional_derivative,max_abs_gauge_error,omega_x1_gauge_error,theta_x1x1_gauge_error,fomega_rms,fzeta_rms,divergence_rms,curl_rms,mode,search_step_scale,fomega_loss,fzeta_loss,divergence_loss,curl_loss
1,1.0002650792613745,-3.185267988548013e-05,3.0189130962038324e-09,148115829.58898267,3.0189130962038324e-09,-25549.62486078906,8.43769498715119e-15,2.886579864025407e-15,8.43769498715119e-15,7.960321140256486e-08,4.7097384254236805e-08,1.1151093686172782e-09,7.5807813306026006e-06,rowband_pq,3.0189130962038324e-09,0.499997519051571,0.49999763139993564,0.00012329925741888444,0.00014662955244912161
2,1.0002614851110276,-3.5941503468972513e-06,3.018913096203833e-10,115413944.75583981,3.018913096203833e-09,-21649.69577985336,8.43769498715119e-15,2.886579864025407e-15,8.43769498715119e-15,7.96031883565066e-08,4.709737184497779e-08,1.101976506476011e-09,7.576798763979325e-06,rowband_pq,3.018913096203833e-09,0.4999972295413844,0.4999973679203648,0.00012041212015330848,0.0001464755291251976
3,1.0002564895328228,-4.995578204880502e-06,3.018913096203833e-10,1110413856.5607262,3.018913096203833e-09,-29768.794475761828,8.43769498715119e-15,2.886579864025407e-15,8.43769498715119e-15,7.960316198180639e-08,4.709735830034712e-08,1.0823778501868072e-09,7.573391910231689e-06,rowband_pq,3.018913096203833e-09,0.4999968982160915,0.49999708033409634,0.00011616714725793206,0.00014634383537686922
4,1.0002543094882035,-2.1800446192710154e-06,3.0189130962038327e-10,787387733.0408666,3.0189130962038324e-09,-22018.138571072253,8.43769498715119e-15,2.886579864025407e-15,8.43769498715119e-15,7.960313169583284e-08,4.7097343457951806e-08,1.0757536222574581e-09,7.5716608298148025e-06,rowband_pq,3.0189130962038324e-09,0.4999965177565828,0.499996765193145,0.00011474959624221388,0.0001462769422336399
5,1.0002505113775533,-3.7981106502105177e-06,3.0189130962038316e-10,1835098541.9282606,3.0189130962038316e-09,-27660.91925621799,8.43769498715119e-15,2.886579864025407e-15,8.43769498715119e-15,7.960309770810911e-08,4.709732735619844e-08,1.0614816147064237e-09,7.571539085978622e-06,rowband_pq,3.0189130962038316e-09,0.4999960907949916,0.4999964233130035,0.00011172503122601375,0.00014627223833225717
6,1.00024891842696,-1.592950593209963e-06,3.018913096203832e-10,3127344939.46842,3.018913096203832e-09,-20144.626158446255,8.43769498715119e-15,2.886579864025407e-15,8.43769498715119e-15,7.960306110207451e-08,4.709731037472231e-08,1.0582750816097373e-09,7.568987803907844e-06,rowband_pq,3.018913096203832e-09,0.4999956309417821,0.4999960627542934,0.0001110510508141238,0.00014617368007037717
7,1.0002454769097178,-3.441517242297465e-06,3.018913096203832e-10,2329299822.9339395,3.018913096203832e-09,-26747.429797194447,8.43769498715119e-15,2.886579864025407e-15,8.43769498715119e-15,7.960302293993744e-08,4.7097292964572045e-08,1.0457318566452562e-09,7.569619834640052e-06,rowband_pq,3.018913096203832e-09,0.4999951515406894,0.49999569309390723,0.00010843418224485176,0.0001461980928763396
8,1.000244095160883,-1.3817488346834494e-06,3.0189130962038327e-10,3593910166.684467,3.0189130962038324e-09,-19581.863140044446,8.43769498715119e-15,2.886579864025407e-15,8.43769498715119e-15,7.960298366157968e-08,4.709727502118446e-08,1.0438423159385084e-09,7.566620437133875e-06,rowband_pq,3.0189130962038324e-09,0.4999946581176291,0.49999531211172155,0.00010804267520469872,0.00014608225632771956
9,1.0002407709893486,-3.324171534480058e-06,3.018913096203833e-10,2381241521.8384337,3.018913096203833e-09,-26347.117733570245,8.43769498715119e-15,2.886579864025407e-15,8.43769498715119e-15,7.960294346212093e-08,4.709725664441407e-08,1.0322638524372534e-09,7.565443668034782e-06,rowband_pq,3.018913096203833e-09,0.4999941531237549,0.4999949219279053,0.00010565911557242222,0.00014603682211592926
10,1.000239433366472,-1.3376228766848186e-06,9.056739288611495e-11,1927089588.6442487,3.018913096203832e-09,-19178.499124383652,8.43769498715119e-15,2.886579864025407e-15,8.43769498715119e-15,7.960293114948464e-08,4.7097251018354706e-08,1.027217853419538e-09,7.564587922696772e-06,rowband_pq,3.018913096203832e-09,0.4999939984499349,0.4999948024729244,0.00010462865677328669,0.00014600378683939002
11,1.0002389142373667,-5.191291052586422e-07,9.056739288611497e-11,1234623272.6876557,3.0189130962038324e-09,-9995.178718943713,8.43769498715119e-15,2.886579864025407e-15,8.43769498715119e-15,7.960291876354057e-08,4.709724542520238e-08,1.026100489407324e-09,7.5641402451053585e-06,rowband_pq,3.0189130962038324e-09,0.4999938428552318,0.4999946837166545,0.00010440115934147507,0.0001459865061387902
12,1.0002381083288163,-8.059085503386854e-07,9.056739288611497e-11,972482915.0916836,3.0189130962038324e-09,-13423.286216810064,8.43769498715119e-15,2.886579864025407e-15,8.43769498715119e-15,7.9602906302212e-08,4.709723970386653e-08,1.0235679291473154e-09,7.563799004133804e-06,rowband_pq,3.0189130962038324e-09,0.49999368631355795,0.4999945622387502,0.00010388644184735136,0.000145973334660767
13,1.0002375887819441,-5.195468721908014e-07,9.056739288611497e-11,730785814.7763809,3.0189130962038324e-09,-10095.694165937848,8.43769498715119e-15,2.886579864025407e-15,8.43769498715119e-15,7.96028937711595e-08,4.709723397318665e-08,1.0224643898371862e-09,7.5633697554523155e-06,rowband_pq,3.0189130962038324e-09,0.4999935288960231,0.4999944405624644,0.00010366255641835727,0.0001459567670382156
14,1.0002368105838642,-7.781980799759225e-07,9.056739288611497e-11,277587012.8436284,3.0189130962038324e-09,-13153.158149237493,8.43769498715119e-15,2.886579864025407e-15,8.43769498715119e-15,7.960288116532384e-08,4.7097228201106296e-08,1.0200794269691368e-09,7.5630005110517885e-06,rowband_pq,3.0189130962038324e-09,0.4999933705390725,0.4999943180071605,0.00010317952149031427,0.0001459425161407606
15,1.0002363032995696,-5.072842945708089e-07,9.056739288611499e-11,180057538.03920054,3.0189130962038333e-09,-10138.26819712073,8.43769498715119e-15,2.886579864025407e-15,8.43769498715119e-15,7.960286849039703e-08,4.709722244438125e-08,1.018998671969575e-09,7.562811036289456e-06,rowband_pq,3.0189130962038333e-09,0.49999321131421076,0.4999941957779021,0.00010296100377799519,0.00014593520367869384
16,1.0002355557613918,-7.475381778032641e-07,9.056739288611495e-11,492190678.8992763,3.018913096203832e-09,-12902.881226165178,8.43769498715119e-15,2.886579864025407e-15,8.43769498715119e-15,7.96028557442296e-08,4.709721664993664e-08,1.016743914487129e-09,7.562571482877543e-06,rowband_pq,3.018913096203832e-09,0.4999930511944362,0.4999940727477808,0.0001025058603977326,0.0001459259587769976
17,1.0002350484019462,-5.073594455673458e-07,9.056739288611497e-11,724621501.3236866,3.0189130962038324e-09,-10144.519165611957,8.43769498715119e-15,2.886579864025407e-15,8.43769498715119e-15,7.960284293232137e-08,4.709721089533549e-08,1.015692266995011e-09,7.5622530169907594e-06,rowband_pq,3.0189130962038324e-09,0.4999928902488393,0.4999939505636478,0.00010229392053924477,0.00014591366891990965
18,1.0002343421537414,-7.062482048070251e-07,9.056739288611497e-11,278448726.43710405,3.0189130962038324e-09,-12675.24581585599,8.43769498715119e-15,2.886579864025407e-15,8.43769498715119e-15,7.960283004368028e-08,4.709720504457249e-08,1.0135552476202085e-09,7.562509237543441e-06,rowband_pq,3.0189130962038324e-09,0.4999927283393358,0.4999938263377811,0.00010186391998611661,0.000145923556638334
19,1.0002338618683702,-4.802853712515542e-07,9.056739288611497e-11,1084134844.2832663,3.0189130962038324e-09,-10116.406854493745,8.43769498715119e-15,2.886579864025407e-15,8.43769498715119e-15,7.960281709412851e-08,4.7097199225529876e-08,1.0125368888740286e-09,7.5627821478413955e-06,rowband_pq,3.0189130962038324e-09,0.4999925656646873,0.4999937027854302,0.0001016593294593279,0.00014593408879337417
20,1.0002331753624176,-6.865059525296147e-07,9.056739288611497e-11,1668232025.085148,3.0189130962038324e-09,-12462.835195164076,8.43769498715119e-15,2.886579864025407e-15,8.43769498715119e-15,7.960280407664254e-08,4.709719332722764e-08,1.0105075379088116e-09,7.563024290943186e-06,rowband_pq,3.0189130962038324e-09,0.4999924021366636,0.49999357755022117,0.00010125224163382056,0.00014594343389890034
21,1.0002326502753942,-5.250870234174698e-07,9.056739288611497e-11,2096935367.1795099,3.0189130962038324e-09,-10085.191024646738,8.43769498715119e-15,2.886579864025407e-15,8.43769498715119e-15,7.960279099060571e-08,4.709718741755849e-08,1.0095249629352111e-09,7.562028985158582e-06,rowband_pq,3.0189130962038324e-09,0.4999922377475189,0.49999345207368096,0.00010105543053446946,0.00014590502365974603
22,1.0002319421666739,-7.081087203264502e-07,9.056739288611497e-11,1359213526.5574195,3.0189130962038324e-09,-12260.448439241285,8.43769498715119e-15,2.886579864025407e-15,8.43769498715119e-15,7.960277783618586e-08,4.709718143229986e-08,1.0075951361638577e-09,7.561256974678437e-06,rowband_pq,3.0189130962038324e-09,0.49999207249936123,0.49999332499220983,0.0001006694409236049,0.00014587523417921094
23,1.0002314481947594,-4.939719144836374e-07,9.056739288611497e-11,102855401.55662827,3.0189130962038324e-09,-10031.430727576628,8.43769498715119e-15,2.886579864025407e-15,8.43769498715119e-15,7.960276461580527e-08,4.709717548605062e-08,1.0066501161592771e-09,7.560922756564106e-06,rowband_pq,3.0189130962038324e-09,0.49999190642262065,0.4999931987390181,0.00010048069443429287,0.0001458623386862109
24,1.0002308065296732,-6.416650861762463e-07,9.056739288611498e-11,146585223.2253484,3.018913096203833e-09,-12072.890180323206,8.43769498715119e-15,2.886579864025407e-15,8.43769498715119e-15,7.960275133158621e-08,4.7097169514516855e-08,1.0048128817979186e-09,7.561400746867292e-06,rowband_pq,3.018913096203833e-09,0.49999173954395776,0.4999930719489908,0.00010011425505476648,0.0001458807816698411
25,1.0002303212748076,-4.852548656231193e-07,9.056739288611495e-11,2051378737.7880743,3.018913096203832e-09,-9993.234647382258,8.43769498715119e-15,2.886579864025407e-15,8.43769498715119e-15,7.960273798774822e-08,4.70971635646617e-08,1.0039058984855684e-09,7.561124860293482e-06,rowband_pq,3.018913096203832e-09,0.49999157191637966,0.49999294561926877,9.993360255794483e-05,0.00014587013660124451
26,1.0002297139752674,-6.072995402117698e-07,9.056739288611495e-11,2031111591.6947682,3.018913096203832e-09,-11912.569935965923,8.43769498715119e-15,2.886579864025407e-15,8.43769498715119e-15,7.960272457737561e-08,4.7097157554148266e-08,1.002154922884973e-09,7.562085773058e-06,rowband_pq,3.018913096203832e-09,0.49999140345301046,0.49999281800164186,9.95853055670392e-05,0.00014590721504804553
27,1.000229334310168,-3.7966509935927206e-07,9.056739288611497e-11,3110657515.607716,3.0189130962038324e-09,-9943.431300486536,8.43769498715119e-15,2.886579864025407e-15,8.43769498715119e-15,7.960271110454934e-08,4.709715152969712e-08,1.0012862133362415e-09,7.56441951157623e-06,rowband_pq,3.0189130962038324e-09,0.4999912342051166,0.4999926900881001,9.94127310312132e-05,0.00014599728592013667
28,1.0002287200960582,-6.142141097953413e-07,9.056739288611497e-11,4648810329.381832,3.0189130962038324e-09,-11768.603841200988,8.43769498715119e-15,2.886579864025407e-15,8.43769498715119e-15,7.960269760884722e-08,4.709714565631824e-08,9.996159051533018e-10,7.564715445277539e-06,rowband_pq,3.0189130962038324e-09,0.4999910646698811,0.4999925653822007,9.908133447984235e-05,0.00014600870949659913
29,1.000228174421671,-5.456743872311876e-07,9.056739288611495e-11,4903090083.645797,3.018913096203832e-09,-9895.551075062443,8.43769498715119e-15,2.886579864025407e-15,8.43769498715119e-15,7.96026840156195e-08,4.7097139637728707e-08,9.987851987547883e-10,7.5625775864856345e-06,rowband_pq,3.018913096203832e-09,0.49999089390954193,0.4999924375931472,9.891672465664384e-05,0.0001459261943252431
30,1.000227625747525,-5.486741458948785e-07,9.056739288611497e-11,3826313517.6656084,3.0189130962038324e-09,-11612.612099997736,8.43769498715119e-15,2.886579864025407e-15,8.43769498715119e-15,7.960267035839479e-08,4.709713350151122e-08,9.971902658862992e-10,7.564361162569044e-06,rowband_pq,3.0189130962038324e-09,0.49999072234529146,0.49999230730658795,9.86010620500045e-05,0.0001459950335956016
